Date,Name,Year,Letterboxd URI
2025-02-09,The Man Who Wasn't There,2001,https://boxd.it/1Vqc
2025-02-09,Wildflower,2022,https://boxd.it/yt94
2025-02-09,1992,2022,https://boxd.it/eB6C
2025-02-09,The Inauguration of the Pleasure Dome,1954,https://boxd.it/UJU
2025-02-14,Spree,2020,https://boxd.it/oiiO
2025-02-14,Rampage,2009,https://boxd.it/15dg
2025-02-14,Entergalactic,2022,https://boxd.it/CPN4
2025-02-14,For Love or Money,1993,https://boxd.it/1Zme
2025-02-14,The Mysteries of Pittsburgh,2008,https://boxd.it/1DqS
2025-02-14,Ichi the Killer,2001,https://boxd.it/1Y1O
2025-02-14,Thursday,1998,https://boxd.it/1XKI
2025-02-14,Wild Things,1998,https://boxd.it/29Zq
2025-02-14,End of Watch,2012,https://boxd.it/2F5O
2025-03-08,Mad God,2021,https://boxd.it/vVPm
2025-03-08,Cadillac Records,2008,https://boxd.it/1OlE
2025-03-08,Electrick Children,2012,https://boxd.it/39sy
2025-03-08,Predestination,2014,https://boxd.it/6bJM
2025-03-08,The Collector,2009,https://boxd.it/1BY4
2025-03-08,The Invasion,2007,https://boxd.it/23Ku
2025-03-08,Coherence,2013,https://boxd.it/6xza
2025-03-08,Sleepers,1996,https://boxd.it/29xw
2025-03-08,Identity,2003,https://boxd.it/26e2
2025-03-08,Personal Shopper,2016,https://boxd.it/bkGM
2025-03-08,Veeps: Profiles in Insignifcance,2014,https://boxd.it/92FC
2025-03-25,Killing Zoe,1993,https://boxd.it/2af4
2025-03-31,He Never Died,2015,https://boxd.it/8yvW
2025-03-31,The Revenant,2009,https://boxd.it/2MDI
2025-04-01,Children of Men,2006,https://boxd.it/1Y2i
2025-04-27,The Worst Person in the World,2021,https://boxd.it/oyws
2025-04-27,True Romance,1993,https://boxd.it/2aBa
2025-04-27,Frailty,2001,https://boxd.it/1Sqe
2025-04-28,Kuso,2017,https://boxd.it/evaI
2025-04-29,Dark City,1998,https://boxd.it/26uk
2025-05-04,King of New York,1990,https://boxd.it/1Ynq
2025-05-04,Son of a Gun,2014,https://boxd.it/9j6a
2025-05-04,Henry: Portrait of a Serial Killer,1986,https://boxd.it/1VCM
2025-05-05,Fallen Angels,1995,https://boxd.it/1UkW
2025-05-05,Ninja,2009,https://boxd.it/1vu8
2025-05-12,The Cell,2000,https://boxd.it/1ZLS
2025-05-12,The Counselor,2013,https://boxd.it/3G6K
2025-05-23,Kids in the Hall: Brain Candy,1996,https://boxd.it/1H18
2025-05-31,Killer Joe,2011,https://boxd.it/2vtQ
2025-06-02,Please Stand By,2017,https://boxd.it/bfH6
2025-06-05,24 Hour Party People,2002,https://boxd.it/26nI
2025-06-06,Nightbreed,1990,https://boxd.it/1Dq4
2025-06-08,Texhnolyze,2003,https://boxd.it/py62
2025-06-08,Too Old to Die Young,2019,https://boxd.it/mwtW
2025-06-08,Serial Experiments Lain,1998,https://boxd.it/hYQE
2025-07-10,A Single Shot,2013,https://boxd.it/4ZTo
2025-07-10,3-Iron,2004,https://boxd.it/28WK
2025-07-10,Riot,2015,https://boxd.it/ceQS
2025-07-10,The Vanishing,1993,https://boxd.it/28pm
2025-07-10,eXistenZ,1999,https://boxd.it/27Ni
2025-07-10,Pilgrimage,2017,https://boxd.it/bkc8
2025-07-10,Mandy,2018,https://boxd.it/gtti
2025-07-15,Sentimental Value,2025,https://boxd.it/GwcG
2025-07-15,Caught Stealing,2025,https://boxd.it/LnyS
2025-07-16,Happiness,1998,https://boxd.it/1VEe
2025-07-16,Wish I Was Here,2014,https://boxd.it/6Pf8